{
    "balance_usd": 1394.5599999999395,
    "holdings_btc": 17.080000000000002
}